,bandit,semgrep,dlint
bandit,1.0,0.09523809523809523,0.23529411764705882
semgrep,0.09523809523809523,1.0,0.1111111111111111
dlint,0.23529411764705882,0.1111111111111111,1.0
